"1","Daily","Ecole Européen des Affaires","Toyota","Kyrgyz","Green","Comedy|Documentary"
"2","Yearly","University of Calicut","Chevrolet","null","Teal","Drama"
"3","Weekly","Central Ostrobothnia University of Applied Sciences","Suzuki","null","Purple","Action|Adventure|Thriller"
"4","Weekly","Universidad Autónoma del Estado de Hidalgo","Ford","Georgian","Maroon","Action|Comedy|Crime|Drama"
"5","Yearly","null","Honda","null","Yellow","Romance"
"6","Often","Universiti Teknikal Malaysia Melaka","Lexus","Korean","Maroon","Thriller"
"7","Weekly","Universidade Católica de Pelotas","BMW","null","Puce","Comedy"
"8","Seldom","Azerbaijan National Conservatorie","GMC","null","Red","Horror|Mystery|Thriller"
"9","Often","null","Mercedes-Benz","null","Orange","Children|Comedy|Fantasy"
"10","Once","Universidad Abierta y a Distancia de Panama","Ford","null","Turquoise","Comedy"
"11","Never","null","Maserati","null","Purple","Comedy|Drama"
"12","Yearly","null","Volkswagen","null","Indigo","Action"
"13","Once","The Rockefeller University","Mazda","null","Goldenrod","Action|Drama"
"14","Never","Kandahar University","Jeep","null","Puce","Crime|Drama|Romance"
"15","Once","Seoul National University of Technology","Mercury","null","Fuscia","Documentary|War"
"16","Monthly","Universidad del Turismo","Isuzu","null","Maroon","Crime|Horror|Mystery|Sci-Fi|Thriller"
"17","Weekly","Ewha Women's University","Mitsubishi","null","Mauv","Drama|Thriller"
"18","Never","null","Ford","Azeri","Maroon","Comedy|Drama"
"19","Daily","null","GMC","null","Fuscia","Documentary"
"20","Monthly","Sherman College of Straight Chiropractic","Volkswagen","null","Fuscia","Drama"
"21","Never","null","Toyota","Macedonian","Blue","Action|Horror|Sci-Fi|Thriller"
"22","Often","Institut Catholique de Paris","Lexus","English","Indigo","Drama|Romance"
"23","Weekly","Soutsaka Institute of management and Technology","Oldsmobile","Khmer","Blue","Action|Adventure|Crime|Drama|Romance"
"24","Yearly","Kaya University","Chevrolet","null","Fuscia","Documentary"
"25","Once","null","Saturn","null","Puce","Drama"
"26","Weekly","Muhimbili University of Health and Allied Sciences (MUHAS)","Toyota","Bengali","Khaki","Drama"
"27","Never","Siebold University of Nagasaki","Mercury","null","Turquoise","Western"
"28","Weekly","null","GMC","null","Khaki","Comedy"
"29","Yearly","null","Chevrolet","Somali","Violet","Fantasy|Horror|Mystery|Romance"
"30","Once","Guangzhou University of Traditional Chinese Medicine","Chevrolet","null","Maroon","Comedy|Drama|Romance"
"31","Never","Hong Kong Baptist University","Ferrari","Armenian","Blue","Drama|Romance|War"
"32","Seldom","null","Mercury","null","Purple","Drama|Horror"
"33","Never","null","Mercury","French","Pink","Comedy"
"34","Monthly","null","Audi","Guaraní","Crimson","Documentary"
"35","Monthly","Universidad Nacional de Colombia","Buick","null","Fuscia","Action|Comedy|Crime"
"36","Weekly","null","Chevrolet","Arabic","Puce","Documentary"
"37","Yearly","Angelo State University","Volkswagen","Kyrgyz","Puce","Adventure|Children|Fantasy"
"38","Once","King's College","Pontiac","Burmese","Yellow","Action|Comedy"
"39","Weekly","null","Ford","Kashmiri","Teal","Crime|Drama|Thriller"
"40","Yearly","Anna University of Technology, Tirunelveli","Dodge","null","Teal","Action|Adventure|Animation|Children|Comedy|Fantasy"
"41","Often","null","Ford","null","Yellow","Documentary"
"42","Monthly","null","Honda","null","Turquoise","Documentary"
"43","Seldom","Universidad José Cecilio del Valle","Porsche","Nepali","Indigo","Documentary"
"44","Seldom","Beijing Language and Culture University","Buick","null","Pink","Action|Comedy|Drama|Fantasy|Sci-Fi|IMAX"
"45","Once","null","Mazda","null","Blue","Children|Comedy|Drama"
"46","Seldom","University of Lusaka","Lexus","Indonesian","Pink","Comedy|Romance"
"47","Weekly","null","Lamborghini","Georgian","Yellow","Horror|Thriller"
"48","Never","null","Aston Martin","English","Green","Drama"
"49","Yearly","Alfaisal University","Mercury","Fijian","Mauv","Comedy"
"50","Once","null","Lexus","Sotho","Pink","Action|Fantasy|Horror|Romance"
"51","Never","University of Akron","Plymouth","null","Blue","Adventure"
"52","Weekly","null","Acura","Khmer","Goldenrod","Adventure|Animation|Children|Sci-Fi"
"53","Seldom","null","Buick","null","Puce","Comedy"
"54","Seldom","Darul Huda Islamic University","Dodge","null","Orange","Comedy"
"55","Monthly","Atlantic Union College","Porsche","null","Mauv","Crime|Drama|Film-Noir|Thriller"
"56","Yearly","null","Ford","null","Fuscia","Animation|Children|Comedy"
"57","Weekly","Bakht Er-Ruda University","Ford","null","Purple","Comedy|Documentary"
"58","Never","Aria Institute of Higher Education","Volkswagen","New Zealand Sign Language","Mauv","Crime|Drama|Horror"
"59","Yearly","null","Mercedes-Benz","null","Red","Comedy"
"60","Never","Frank Lloyd Wright School of Architecture","Nissan","null","Goldenrod","Action|Adventure|Thriller"
"61","Never","null","Lexus","Croatian","Crimson","Action|Adventure|Animation|Comedy|Fantasy|Sci-Fi"
"62","Never","null","Chevrolet","null","Aquamarine","Horror|Thriller"
"63","Yearly","null","Pontiac","null","Fuscia","Drama|War"
"64","Once","National College of Chiropractic","Lincoln","null","Crimson","Mystery"
"65","Never","Tamil Nadu Dr. Ambedkar Law University","Suzuki","null","Green","Comedy|Drama|Romance"
"66","Yearly","null","Toyota","null","Blue","Action|Romance|Thriller"
"67","Weekly","Shobhit University, Meerut","Hyundai","Oriya","Red","Documentary"
"68","Once","University of Technology Phnom Penh","Chevrolet","Catalan","Teal","Comedy"
"69","Often","Universidad del Caribe","Eagle","null","Teal","Horror|Thriller"
"70","Seldom","null","Acura","null","Pink","Comedy|Romance"
"71","Daily","Tashkent Pharmaceutical Institute","Mazda","null","Turquoise","Comedy|Drama"
"72","Never","Ecole Nationale Supérieure des Mines de Paris","Subaru","Gujarati","Fuscia","Drama"
"73","Never","null","Saab","Croatian","Red","Comedy"
"74","Often","Instituto Universitario de Estudios Navales y Marítimos","Mercury","null","Mauv","Documentary"
"75","Monthly","Sherman College of Straight Chiropractic","GMC","null","Mauv","Drama"
"76","Once","null","Chevrolet","Luxembourgish","Maroon","Documentary"
"77","Yearly","Saint Louis University","Toyota","null","Crimson","Comedy"
"78","Daily","Technological Education Institute of Patras","Mercedes-Benz","null","Indigo","Comedy|Drama"
"79","Never","Curtin University of Technology","Lotus","Kashmiri","Fuscia","Drama"
"80","Seldom","Nara Medical University","Pontiac","Khmer","Yellow","Adventure|Children|Sci-Fi"
"81","Yearly","null","Ford","Tsonga","Goldenrod","Crime|Drama|Film-Noir"
"82","Once","Petrozavodsk State University","Ford","Hiri Motu","Pink","Animation|Children|Comedy|Romance"
"83","Once","null","Volvo","Hungarian","Orange","Adventure|Animation|Comedy"
"84","Yearly","Kanagawa Dental College","Audi","Kannada","Goldenrod","Sci-Fi|Thriller"
"85","Daily","Universidad Católica Nordestana","Suzuki","Tamil","Blue","Documentary"
"86","Yearly","null","Honda","Filipino","Orange","Drama|Thriller"
"87","Seldom","null","Toyota","null","Green","Comedy|Drama|Romance|Thriller"
"88","Weekly","Instituto Universitario de Ciencias de la Salud Fundación H.A. Barceló","Ford","null","Purple","Action|Adventure|Crime|Mystery"
"89","Daily","Drexel University","Nissan","null","Yellow","Drama"
"90","Never","Central Philippine University","GMC","null","Pink","Comedy|Drama|Romance"
"91","Monthly","null","Ford","null","Blue","Comedy|Drama"
"92","Seldom","null","Pontiac","null","Turquoise","Documentary"
"93","Never","null","Alfa Romeo","null","Khaki","Comedy"
"94","Daily","null","Chrysler","Macedonian","Puce","Drama|Horror"
"95","Yearly","Dominican University","Honda","Amharic","Pink","Crime|Drama"
"96","Weekly","null","Toyota","Aymara","Goldenrod","Crime|Drama|Mystery"
"97","Monthly","International Turkmen Turkish University","Scion","Northern Sotho","Teal","Drama|Fantasy|Horror|Romance"
"98","Seldom","null","Lamborghini","Papiamento","Teal","Documentary"
"99","Yearly","University of Trinidad and Tobago","Kia","null","Green","Comedy|Romance"
"100","Monthly","Mountains of the Moon University","Mercury","Oriya","Aquamarine","Comedy|Romance"
"101","Daily","null","Acura","English","Puce","Comedy|Drama"
"102","Daily","null","Ford","null","Red","Documentary|Musical"
"103","Yearly","Chongju National University of Education","Jeep","Finnish","Khaki","Action|Animation"
"104","Seldom","Trinity International University (Excel), Miami","Jeep","null","Pink","Drama|Mystery|Romance"
"105","Once","American University of Science and Technology","Lincoln","null","Crimson","Drama"
"106","Once","China Pharmaceutical University Nanjing","Mazda","Japanese","Pink","Drama"
"107","Never","Visvesvaraya Technological University","Ford","null","Green","Drama"
"108","Monthly","Universidad Nacional José Faustino Sánchez Carrión","Ford","null","Blue","Comedy|Romance"
"109","Seldom","Pittsburg State University","Dodge","null","Teal","Animation|Comedy|Fantasy|Sci-Fi"
"110","Yearly","null","GMC","null","Violet","Drama"
"111","Often","Illinois Institute of Technology","Mercedes-Benz","Somali","Turquoise","Crime|Drama|Film-Noir"
"112","Never","Central Institute of Fisheries Education","BMW","null","Red","Drama|Mystery|Thriller"
"113","Never","University of Ulster","Audi","Kashmiri","Pink","Comedy|Romance"
"114","Seldom","null","Chevrolet","null","Goldenrod","Comedy"
"115","Weekly","University Institute of Oriental Studies","Mitsubishi","null","Khaki","Thriller"
"116","Often","null","Toyota","Somali","Indigo","Drama|War"
"117","Once","null","Plymouth","Malagasy","Red","Drama|Romance|War"
"118","Seldom","null","Ford","null","Green","Horror|Sci-Fi"
"119","Weekly","null","Nissan","null","Violet","Comedy|Horror|Mystery"
"120","Weekly","null","Infiniti","null","Crimson","Thriller"
"121","Monthly","null","Daewoo","null","Orange","Drama|Horror|Sci-Fi"
"122","Never","null","Mercury","null","Goldenrod","Horror|Sci-Fi|Thriller"
"123","Seldom","Sunmoon University","Mitsubishi","null","Blue","Drama|War"
"124","Weekly","Université Pierre Mendes-France (Grenoble II)","Suzuki","null","Yellow","Drama|Romance"
"125","Often","Minia University","Pontiac","null","Green","Documentary"
"126","Once","null","Geo","null","Violet","Comedy|Mystery|Thriller"
"127","Daily","null","MINI","null","Teal","Comedy|Romance"
"128","Weekly","null","Chevrolet","null","Yellow","(no genres listed)"
"129","Seldom","null","Volkswagen","Gagauz","Aquamarine","Thriller"
"130","Daily","Ithaca College","Mercedes-Benz","Persian","Mauv","Comedy|Romance"
"131","Seldom","null","Land Rover","Punjabi","Khaki","Comedy|Fantasy|Horror|Musical|Thriller"
"132","Often","null","Lexus","Tetum","Red","Comedy|Romance"
"133","Once","Odessa State Academy of Construction and Architecture","Mazda","null","Violet","Drama"
"134","Monthly","Swansea Metropolitan University","Chevrolet","Swahili","Pink","Drama"
"135","Often","null","Suzuki","Bulgarian","Mauv","Drama|Romance"
"136","Once","null","Mercedes-Benz","Mongolian","Orange","Animation|Children|Musical"
"137","Weekly","Universität Köln","Toyota","null","Fuscia","Action|Thriller"
"138","Weekly","Fuji Women's College","Toyota","null","Teal","Adventure|Comedy"
"139","Often","College of New Caledonia","Ford","null","Yellow","Comedy|Fantasy|Romance"
"140","Yearly","Florida Gulf Coast University","Holden","Fijian","Khaki","Adventure|Animation|Children"
"141","Often","null","GMC","null","Fuscia","Comedy"
"142","Often","null","Pontiac","null","Turquoise","Documentary"
"143","Daily","Belarussian State University of Informatics and Radioelectronics","Ford","null","Red","Action|Comedy|Crime|Thriller"
"144","Seldom","Mercyhurst College","Lexus","null","Khaki","Comedy"
"145","Yearly","null","BMW","null","Puce","Comedy"
"146","Yearly","Centro de Estudios Universitarios Monterrey","Saturn","null","Fuscia","Animation|Children|Musical"
"147","Never","Sur University College","Mitsubishi","Swahili","Orange","Drama"
"148","Seldom","Wilfrid Laurier University","Cadillac","Bengali","Mauv","Drama|Horror"
"149","Daily","null","Jaguar","null","Teal","Crime"
"150","Seldom","null","Toyota","null","Mauv","Thriller"
"151","Once","Ballsbridge University ","Chevrolet","null","Teal","Drama"
"152","Yearly","University of Debrecen ","Rolls-Royce","null","Crimson","Drama"
"153","Daily","Lorestan University","Subaru","null","Violet","Horror|Sci-Fi|Thriller"
"154","Yearly","null","Honda","null","Fuscia","Comedy"
"155","Monthly","Himeji Dokkyo University","Audi","null","Green","Documentary"
"156","Seldom","null","Volvo","null","Puce","Drama|Thriller|War"
"157","Often","null","Infiniti","Persian","Blue","Drama"
"158","Daily","null","Pontiac","Khmer","Purple","Thriller"
"159","Seldom","null","Mercedes-Benz","null","Yellow","Comedy"
"160","Monthly","Ecole Polytechnique","Cadillac","null","Yellow","Drama|Western"
"161","Once","null","Volvo","Kyrgyz","Yellow","Drama|Mystery|Thriller"
"162","Seldom","Modern Sciences & Arts University","Volvo","null","Fuscia","Drama"
"163","Monthly","null","Land Rover","Tswana","Turquoise","Action|Horror|Sci-Fi|Thriller"
"164","Daily","Universität Fridericana Karlsruhe (Technische Hochschule)","Ford","Swedish","Khaki","Adventure|Comedy|Fantasy"
"165","Never","Kerala University of Fisheries and Ocean Sciences","Toyota","null","Green","Documentary"
"166","Often","null","BMW","null","Red","Crime|Film-Noir|Romance"
"167","Daily","Kanazawa College of Economics","Saab","null","Blue","Drama"
"168","Never","Ecole Nationale Supérieur de Géologie de Nancy","Volvo","New Zealand Sign Language","Red","Comedy"
"169","Daily","null","Volvo","null","Aquamarine","Drama"
"170","Weekly","Universitas Negeri Yogyakarta","BMW","null","Violet","Drama"
"171","Once","Universidad ICESI","GMC","null","Purple","Crime|Drama|Thriller"
"172","Daily","Mount Senario College","Dodge","null","Turquoise","Comedy"
"173","Seldom","Al Turath University College","Ford","null","Teal","Drama|War"
"174","Seldom","Ho Chi Minh City University of Foreign Languages and Information Technology","Chevrolet","Irish Gaelic","Yellow","Drama|Thriller"
"175","Yearly","Universidad Catolica de Temuco","Volkswagen","null","Red","Horror|Thriller"
"176","Yearly","null","Ford","Bislama","Mauv","Adventure|Comedy|Romance"
"177","Weekly","null","Infiniti","null","Yellow","Animation|Drama"
"178","Weekly","null","Lincoln","null","Indigo","Comedy"
"179","Once","null","Audi","null","Indigo","Comedy"
"180","Once","null","Dodge","null","Teal","Drama|Romance|War"
"181","Once","Ilia Chavchavadze State University","Volkswagen","null","Red","Drama|Horror|Thriller"
"182","Yearly","Kochi University","Ford","null","Orange","(no genres listed)"
"183","Once","null","Lincoln","Somali","Mauv","Comedy|Thriller"
"184","Seldom","Semmelweis University of Medical Sciences","Jeep","null","Indigo","Drama|Musical"
"185","Daily","null","Mitsubishi","null","Blue","Action|Crime|Fantasy"
"186","Weekly","null","Honda","null","Red","Drama"
"187","Often","null","Mercedes-Benz","null","Purple","Crime|Drama"
"188","Seldom","null","Toyota","null","Blue","Action|Adventure|Animation"
"189","Monthly","null","Mitsubishi","null","Pink","Crime|Drama"
"190","Seldom","University of Development Alternative","Chevrolet","Icelandic","Blue","Children|Comedy|Sci-Fi"
"191","Yearly","null","Maybach","Yiddish","Mauv","Drama|Romance"
"192","Monthly","null","Audi","null","Purple","Comedy"
"193","Seldom","null","Maybach","Finnish","Fuscia","Mystery|Sci-Fi|Thriller"
"194","Seldom","null","Chrysler","Dutch","Pink","Action|Animation|Crime"
"195","Daily","null","Mazda","null","Purple","Animation|Children|Musical"
"196","Never","null","Infiniti","null","Green","Documentary"
"197","Weekly","null","Chevrolet","null","Maroon","Horror|Thriller"
"198","Once","University of Science & Technology Bannu","Jeep","null","Fuscia","Comedy|Drama"
"199","Daily","null","Dodge","null","Crimson","Comedy|Drama|Romance"
"200","Weekly","KBU International College","Ford","null","Turquoise","Drama|Romance"
"201","Daily","null","Chevrolet","null","Pink","Comedy"
"202","Seldom","null","Chevrolet","Portuguese","Pink","Comedy"
"203","Never","null","Chevrolet","null","Red","Western"
"204","Yearly","University Center ""César Ritz""","Porsche","Guaraní","Blue","Documentary"
"205","Never","California Polytechnic State University - San Luis Obispo","Volvo","null","Fuscia","Comedy"
"206","Daily","null","Mazda","null","Pink","Comedy|Musical"
"207","Never","East-Siberian State University of Technology","Buick","Latvian","Aquamarine","Western"
"208","Weekly","null","Toyota","Romanian","Khaki","Comedy|Romance"
"209","Never","Lakeland College","Toyota","null","Red","Comedy"
"210","Often","null","Mitsubishi","null","Aquamarine","Horror|Mystery|Thriller"
"211","Monthly","null","Suzuki","Māori","Khaki","Documentary"
"212","Weekly","Wilkes University","Saturn","null","Yellow","Comedy|Drama|Horror"
"213","Monthly","Louisiana State University Health Sciences Center New Orleans","Mazda","null","Orange","Children|Drama"
"214","Never","Busitema University","BMW","null","Purple","Action|Animation|Children|Fantasy"
"215","Often","Universidad Católica Cardenal Raúl Silva Henríquez","Bentley","null","Crimson","Drama"
"216","Once","Universidade da Amazônia","Bentley","Ndebele","Khaki","Adventure|Animation"
"217","Weekly","Columbia College of Missouri","Chevrolet","null","Khaki","Comedy|Drama|Thriller"
"218","Yearly","null","Ferrari","null","Violet","Comedy"
"219","Often","Belarussian State Polytechnical Academy","Nissan","null","Purple","Comedy|Crime|Thriller"
"220","Yearly","null","Chevrolet","null","Pink","Comedy"
"221","Weekly","Leon Kozminski Academy of Entrepreneurship and Mangement in Warsaw","Chevrolet","null","Purple","Drama|Romance"
"222","Never","null","GMC","Luxembourgish","Teal","Action"
"223","Once","Universität Mozarteum Salzburg","Acura","null","Puce","Animation|Comedy|Fantasy|Musical"
"224","Yearly","null","Lexus","null","Khaki","Sci-Fi"
"225","Daily","null","Toyota","Dutch","Khaki","Comedy|Horror"
"226","Weekly","Finlandia University","Mazda","null","Aquamarine","Children|Drama"
"227","Once","Semey State University","Buick","Guaraní","Goldenrod","Action|Drama|Romance"
"228","Once","Philippine Women's University","Audi","null","Aquamarine","Drama|Horror"
"229","Never","Sardarkrushinagar Dantiwada Agricultural University","Lexus","null","Goldenrod","Action|Thriller|Western"
"230","Often","University of Haifa","Jeep","null","Indigo","Drama"
"231","Seldom","null","Pontiac","null","Maroon","Comedy"
"232","Weekly","null","Pontiac","null","Goldenrod","Adventure|Drama|War"
"233","Never","null","Volkswagen","Moldovan","Maroon","Children|Fantasy|Musical"
"234","Monthly","Universidad José Maria Vargas","Chevrolet","null","Yellow","Crime|Thriller|War"
"235","Daily","Universitas Kristen Maranatha","Hummer","New Zealand Sign Language","Aquamarine","Comedy|Drama|Romance"
"236","Seldom","null","Chevrolet","null","Violet","Comedy|Drama|Romance"
"237","Daily","null","Subaru","null","Puce","Drama|War"
"238","Never","null","Mercedes-Benz","null","Indigo","Comedy"
"239","Yearly","Technische Universität Darmstadt","Audi","null","Indigo","Drama"
"240","Monthly","Nizhny Novgorod State Architectural - Building University","Honda","null","Crimson","Comedy"
"241","Yearly","null","Saab","null","Purple","Action|Adventure"
"242","Yearly","null","Mitsubishi","null","Aquamarine","Drama"
"243","Never","University of New England","Audi","null","Puce","Crime|Drama|Film-Noir|Mystery|Thriller"
"244","Daily","null","Honda","Bosnian","Aquamarine","Drama"
"245","Weekly","Universidad de Oriente","Suzuki","Irish Gaelic","Mauv","Drama|Romance"
"246","Daily","Berry College","Buick","Persian","Fuscia","Drama"
"247","Seldom","Kagawa Medical School","Lamborghini","Nepali","Mauv","Crime|Drama"
"248","Weekly","Islamic Azad University, Bandar Abbas","Mercedes-Benz","Malayalam","Blue","Comedy|Sci-Fi"
"249","Monthly","Universidad Autónoma Metropolitana - Azcapotzalco","Ford","null","Goldenrod","Drama"
"250","Monthly","Pennsylvania State University Delaware County","Dodge","null","Aquamarine","Comedy|Romance"
"251","Never","null","GMC","null","Indigo","Comedy"
"252","Daily","Bluefield College","Toyota","null","Aquamarine","Comedy|Drama"
"253","Yearly","Kazan State Finance and Economics Institute ","Chevrolet","null","Mauv","Comedy"
"254","Daily","University of Salerno","Chevrolet","null","Violet","Horror|Thriller"
"255","Often","null","Oldsmobile","Latvian","Orange","Comedy"
"256","Often","B. R. Ambedkar Bihar University","Toyota","null","Pink","Comedy"
"257","Often","Universidad Nacional Jorge Basadre Grohmann","BMW","null","Maroon","Drama"
"258","Seldom","null","Porsche","null","Turquoise","Drama"
"259","Daily","null","Pontiac","null","Crimson","Comedy|Crime|Romance"
"260","Seldom","Excelsior College","Land Rover","null","Mauv","Documentary"
"261","Monthly","null","Lexus","null","Pink","Comedy|Romance"
"262","Weekly","Internationale Fachhochschule Aalen","Ford","null","Goldenrod","Action|Animation|Sci-Fi|Western"
"263","Seldom","null","Dodge","null","Orange","Crime|Thriller"
"264","Daily","Colegio de San Juan de Letran","Lexus","Lao","Blue","Drama|Horror|Thriller"
"265","Often","City University of New York, Hunter College","Cadillac","null","Green","Western"
"266","Often","The Union Institute","GMC","null","Purple","Thriller"
"267","Seldom","The Queen's University Belfast","Land Rover","Dutch","Teal","Comedy"
"268","Yearly","Hokkaido Institute of Technology","Chevrolet","null","Purple","Horror|Sci-Fi|Thriller"
"269","Monthly","null","Land Rover","null","Purple","Drama|Romance|Western"
"270","Often","Drexel University","Lexus","null","Aquamarine","Comedy|Romance|Western"
"271","Often","null","Volvo","null","Indigo","Action"
"272","Once","Ecole Nationale d'Administration","Lincoln","null","Blue","Action|Comedy|Sci-Fi"
"273","Once","Fachhochschule Kiel","Infiniti","null","Yellow","Action|Sci-Fi"
"274","Never","Islamic Azad University, Tafresh","Lexus","Korean","Orange","Drama|Mystery|Romance"
"275","Monthly","null","Mercedes-Benz","Arabic","Crimson","Drama|Thriller"
"276","Once","Roosevelt Academy University College","Jeep","null","Khaki","Drama|War"
"277","Yearly","Salem State College","Daewoo","Malay","Khaki","Crime|Drama"
"278","Weekly","null","Chevrolet","Aymara","Purple","Drama|Horror|Mystery"
"279","Yearly","Messiah College","Mazda","Kurdish","Crimson","Animation|Comedy|Sci-Fi"
"280","Once","Universidad Autónoma de Occidente","Acura","null","Aquamarine","Drama"
"281","Once","Universidad Adventista de Chile","Chevrolet","Tok Pisin","Pink","Drama"
"282","Monthly","Dar Al-Uloom Colleges","Mitsubishi","Kashmiri","Red","Drama"
"283","Never","null","Buick","null","Aquamarine","Documentary"
"284","Once","null","Mercury","null","Teal","Animation|Comedy"
"285","Weekly","null","Pontiac","null","Indigo","Drama"
"286","Seldom","null","Dodge","null","Aquamarine","Documentary"
"287","Weekly","null","Pontiac","null","Purple","Sci-Fi|Thriller"
"288","Never","null","BMW","null","Turquoise","Drama"
"289","Once","Instituto Politécnico de Portalegre","Lotus","null","Violet","Romance|Western"
"290","Monthly","Rheinische Fachhochschule Köln","Saturn","null","Mauv","Horror"
"291","Often","null","Chrysler","null","Blue","Action|Adventure|Drama"
"292","Weekly","null","Lexus","Kyrgyz","Khaki","Comedy"
"293","Monthly","null","Subaru","null","Teal","Comedy"
"294","Often","Athenaeum of Ohio","Mercedes-Benz","null","Pink","Comedy"
"295","Once","null","BMW","null","Mauv","Comedy|Romance"
"296","Once","null","Suzuki","Italian","Purple","Comedy|Drama"
"297","Weekly","New Mexico State University","Ford","null","Blue","Drama"
"298","Weekly","null","Volvo","null","Red","Adventure|Animation|Fantasy|Romance"
"299","Never","Niagara University","Dodge","Kurdish","Puce","Documentary"
"300","Daily","null","Volkswagen","Amharic","Violet","Drama|Musical"
"301","Yearly","null","BMW","null","Crimson","Horror|Thriller"
"302","Seldom","Eastern Asia University","Hyundai","null","Pink","Adventure|Drama"
"303","Yearly","null","Hyundai","Afrikaans","Indigo","Action|Adventure|Animation|Children|Comedy"
"304","Often","Universitat de Barcelona","Toyota","null","Yellow","Comedy|Drama|Romance"
"305","Weekly","null","Nissan","null","Green","Comedy"
"306","Yearly","null","Chrysler","null","Aquamarine","Comedy|Drama"
"307","Daily","Private College of Dentistry and Pharmacy","Porsche","Moldovan","Indigo","Adventure|Children|Fantasy"
"308","Daily","Memphis College of Art","Infiniti","null","Yellow","Drama|Thriller"
"309","Seldom","null","Volkswagen","null","Crimson","Children|Comedy|Drama"
"310","Seldom","null","Mitsubishi","null","Violet","Horror|Thriller"
"311","Never","Lane College","Mitsubishi","null","Fuscia","Comedy|Romance"
"312","Often","null","Honda","null","Khaki","Comedy|Drama|Musical"
"313","Yearly","Anton de Kom University","Chevrolet","null","Yellow","Fantasy|Horror|Mystery|Thriller"
"314","Once","null","Cadillac","null","Pink","Comedy"
"315","Daily","null","Lincoln","null","Aquamarine","Horror"
"316","Often","University of Notre Dame","Chevrolet","Kashmiri","Goldenrod","Documentary"
"317","Seldom","Southampton Solent University","Audi","null","Goldenrod","Crime|Drama|Horror|Thriller"
"318","Never","University of Cape Coast","Buick","null","Goldenrod","Drama"
"319","Never","Universidad de Bogotá ""Jorge Tadeo Lozano""","Cadillac","null","Goldenrod","Adventure|Fantasy"
"320","Yearly","Bellin College of Nursing","Toyota","Tsonga","Aquamarine","Documentary"
"321","Yearly","Universidade Federal de Uberlândia","Subaru","Telugu","Blue","Drama|Film-Noir"
"322","Never","null","Mercedes-Benz","null","Green","Comedy|Drama|Romance"
"323","Daily","Atlanta Christian College","Ford","Luxembourgish","Puce","Adventure|Comedy|Drama"
"324","Weekly","null","Toyota","null","Turquoise","Adventure|Fantasy|Romance"
"325","Daily","null","Volkswagen","Hungarian","Green","Drama"
"326","Seldom","Alma College","Mitsubishi","Bulgarian","Yellow","Horror"
"327","Once","Islamic Azad University, North Tehran","Lincoln","null","Red","Comedy|Crime"
"328","Yearly","null","Subaru","null","Turquoise","Crime|Drama|Film-Noir|Thriller"
"329","Never","Lancaster University Ghana","BMW","null","Turquoise","Drama"
"330","Daily","null","Ford","null","Orange","Adventure|Sci-Fi|Thriller"
"331","Seldom","null","Pontiac","null","Goldenrod","Comedy"
"332","Often","null","Chevrolet","null","Pink","Drama"
"333","Seldom","University of Akron","Mercedes-Benz","Finnish","Aquamarine","Drama|Film-Noir|Mystery|Romance"
"334","Seldom","Russian Academy of Arts","Audi","Burmese","Pink","Drama|Thriller"
"335","Never","null","GMC","null","Yellow","Horror"
"336","Yearly","null","Honda","null","Red","Drama"
"337","Monthly","Universidad Intercontinental","Foose","null","Turquoise","Comedy|Crime"
"338","Never","International Burch University","BMW","Catalan","Pink","Comedy|Romance"
"339","Seldom","null","Land Rover","null","Yellow","Documentary"
"340","Seldom","null","Buick","Swedish","Yellow","Comedy|Drama"
"341","Yearly","null","Ford","null","Green","Comedy|Drama"
"342","Yearly","null","Ford","null","Indigo","Drama"
"343","Often","Universidad del Tolima","Bentley","null","Puce","Drama"
"344","Weekly","Montanuniversität Leoben","GMC","null","Puce","Comedy"
"345","Daily","Strayer University","Mercedes-Benz","null","Blue","Adventure|Comedy|Fantasy|Romance|IMAX"
"346","Monthly","Ambrose Alli University","Chevrolet","Tetum","Indigo","Drama|Romance"
"347","Once","null","Oldsmobile","null","Maroon","Comedy|Romance"
"348","Never","null","Mitsubishi","Malagasy","Pink","Comedy|Drama"
"349","Never","null","Suzuki","null","Indigo","Adventure|Drama"
"350","Never","Rocky Mountain College","GMC","Macedonian","Pink","Comedy"
"351","Often","Universidade Estadual do Norte Fluminense","Mazda","null","Purple","Adventure|Sci-Fi|Thriller"
"352","Never","Instituto Tecnológico de Santo Domingo","Ford","Catalan","Purple","Documentary"
"353","Weekly","null","Chevrolet","null","Goldenrod","Comedy|Romance"
"354","Once","null","Volkswagen","null","Pink","Documentary"
"355","Yearly","University of Halifax, Birmingham Campus","Ford","null","Purple","Drama"
"356","Yearly","Omsk State Technical University","Scion","null","Pink","Drama|Mystery"
"357","Seldom","null","Chrysler","Nepali","Yellow","Drama|Romance"
"358","Yearly","null","Infiniti","null","Green","Adventure|Fantasy|Sci-Fi"
"359","Daily","null","Volkswagen","Belarusian","Violet","Drama"
"360","Weekly","null","Nissan","null","Orange","Action|Adventure"
"361","Seldom","Universiti Kebangsaan Malaysia","GMC","Romanian","Goldenrod","Drama|Romance"
"362","Once","null","Ford","null","Pink","Comedy|Romance"
"363","Daily","Instituto Politécnico do Cávado e do Ave","Kia","null","Teal","Drama"
"364","Yearly","Sripatum University","Buick","null","Indigo","Action|Horror|Sci-Fi"
"365","Often","Kerala Agricultural University","Pontiac","Guaraní","Mauv","Comedy|Drama|Romance"
"366","Weekly","null","Saturn","null","Blue","Comedy|Drama|Romance"
"367","Seldom","CCS Haryana Agricultural University","Hyundai","null","Yellow","Drama"
"368","Weekly","University of Agriculture and Veterinary Medicine Iasi","Honda","null","Yellow","Comedy|Drama|Romance"
"369","Yearly","Jawaharlal Nehru Centre for Advanced  Scientific Research","Mercury","Bosnian","Purple","Drama"
"370","Once","Hodges University","Nissan","Dari","Blue","Animation|Children|Comedy|Drama|Fantasy"
"371","Daily","Universidad Tecnológica Equinoccial","Ford","null","Green","Comedy|Drama"
"372","Weekly","Indiana University at South Bend","Ford","null","Green","Drama|War"
"373","Seldom","FAE Business School - Faculdade de Administração e Economia","Mazda","null","Blue","Horror"
"374","Never","null","Hyundai","Aymara","Crimson","Comedy|Drama"
"375","Once","null","Ford","null","Puce","Thriller"
"376","Often","University of North Carolina at Pembroke","Chevrolet","Azeri","Puce","Comedy"
"377","Weekly","Hebei Agricultural University","Acura","null","Goldenrod","Comedy|Romance"
"378","Yearly","Luther College","Ford","Somali","Aquamarine","Drama"
"379","Seldom","null","Volvo","null","Fuscia","Comedy|Crime|Drama|Thriller"
"380","Often","Universidad Nacional de La Matanza","Suzuki","Arabic","Orange","Drama|Mystery"
"381","Seldom","null","Audi","null","Indigo","Drama|Mystery|Thriller"
"382","Daily","Shandong University of Triaditional Chinese Medicine","Subaru","null","Fuscia","Comedy"
"383","Weekly","I.M. Sechenov Moscow Medical Academy","Lotus","null","Yellow","Horror"
"384","Weekly","Universitas Jayabaya","Mercedes-Benz","Georgian","Goldenrod","Drama|Romance"
"385","Never","null","Mercedes-Benz","null","Fuscia","Horror|Thriller"
"386","Never","Chongqing University of Post and Telecommunications","Audi","null","Crimson","Drama"
"387","Monthly","null","Hummer","Bosnian","Red","Action|Adventure|Thriller"
"388","Once","Benguet State University","Chrysler","null","Turquoise","Comedy"
"389","Monthly","null","Audi","null","Goldenrod","Adventure|Drama"
"390","Daily","null","Chevrolet","null","Turquoise","Comedy|Crime"
"391","Daily","Lincoln University","Porsche","Kazakh","Maroon","Comedy"
"392","Yearly","null","Mitsubishi","Khmer","Aquamarine","Action|Adventure|Drama"
"393","Monthly","Andrew Jackson University","Pontiac","null","Indigo","Drama|Romance"
"394","Weekly","Chongqing University of Technology","Chrysler","null","Red","Crime|Drama|Film-Noir"
"395","Monthly","Inha University","Subaru","Chinese","Goldenrod","Comedy"
"396","Yearly","null","Mercury","null","Purple","Drama|Musical|Romance"
"397","Often","Universität Hohenheim","GMC","null","Orange","Crime|Drama|Mystery"
"398","Daily","null","Lexus","null","Crimson","Documentary"
"399","Never","null","Mercedes-Benz","null","Blue","Comedy|Romance"
"400","Daily","Hansei University","Pontiac","null","Fuscia","Comedy"
"401","Weekly","University of Nis","Cadillac","null","Purple","Drama"
"402","Yearly","Mary Baldwin College","Chevrolet","null","Aquamarine","Comedy|Sci-Fi"
"403","Often","University of Tennessee - Memphis","Lexus","Macedonian","Teal","Comedy|Crime|Drama"
"404","Weekly","Indiana University - East","Lincoln","Moldovan","Purple","Comedy"
"405","Never","null","Volvo","Latvian","Khaki","Comedy"
"406","Yearly","null","Cadillac","null","Aquamarine","Adventure|Children"
"407","Weekly","null","Mazda","Oriya","Teal","Drama"
"408","Daily","Erasmus University Rotterdam","Porsche","Norwegian","Mauv","Drama"
"409","Daily","null","Mercury","Kazakh","Teal","Action|Comedy"
"410","Often","null","Mitsubishi","null","Indigo","Crime|Drama|Romance"
"411","Never","null","Chevrolet","Dhivehi","Pink","Drama"
"412","Daily","null","Volkswagen","Norwegian","Aquamarine","Romance|Western"
"413","Weekly","null","Toyota","null","Pink","Crime|Drama|Film-Noir|Romance"
"414","Once","University of Naples Federico II","Chrysler","Dutch","Maroon","Action"
"415","Often","Universidad de San Carlos de Guatemala","Volkswagen","null","Orange","Comedy|Drama"
"416","Monthly","University of Sannio","Hummer","Gujarati","Red","Action|Comedy|Crime|Thriller"
"417","Once","Université d'Artois","Lexus","null","Khaki","Documentary"
"418","Yearly","null","Pontiac","Malay","Purple","Drama|Romance"
"419","Weekly","Liszt Ferenc Academy of Music Budapest","GMC","null","Maroon","Drama"
"420","Daily","Hochschule Mittweida (FH)","Mercedes-Benz","null","Orange","Documentary|Horror"
"421","Seldom","Columbia Union College","GMC","null","Puce","Horror|Thriller"
"422","Seldom","Qurtuba University of Science and Infromation Technology","Dodge","null","Pink","Drama|War"
"423","Never","null","Ford","null","Purple","Drama"
"424","Seldom","Queen's University","Toyota","null","Fuscia","Comedy|Drama"
"425","Never","University of Benin","Suzuki","null","Goldenrod","Drama"
"426","Seldom","null","BMW","null","Red","Drama"
"427","Often","Université du Droit et de la Sante (Lille II)","Mitsubishi","Polish","Fuscia","Mystery|Thriller"
"428","Never","Gettysburg College","Pontiac","Danish","Green","Drama|Sci-Fi|Thriller"
"429","Monthly","Kenyon College","Mazda","null","Blue","Sci-Fi"
"430","Yearly","null","Volkswagen","Swedish","Aquamarine","Drama|War"
"431","Daily","null","Lexus","null","Red","Crime|Drama"
"432","Never","Bauder College","Subaru","French","Yellow","Drama"
"433","Monthly","Liceo de Cagayan University","BMW","null","Turquoise","Romance|Thriller"
"434","Seldom","Wirtschaftsuniversität Wien","Chevrolet","Kurdish","Aquamarine","Crime|Drama|Mystery"
"435","Yearly","null","Isuzu","null","Fuscia","Comedy|Western"
"436","Weekly","null","BMW","null","Orange","Drama"
"437","Once","Fukui University","Ford","Dhivehi","Indigo","Comedy|Drama"
"438","Never","null","Oldsmobile","null","Indigo","Drama|Thriller"
"439","Often","Thiagarajar College of Engineering","Chevrolet","null","Turquoise","Drama"
"440","Once","National American University, Albuquerque","Buick","null","Goldenrod","Drama"
"441","Once","null","Saturn","Persian","Teal","Action|Adventure|Horror|Sci-Fi"
"442","Seldom","University of Applied Science and Technology","Ford","Kazakh","Violet","Adventure|Drama|Romance"
"443","Yearly","Macalester College","Mitsubishi","Czech","Green","Western"
"444","Weekly","Greenwich University","Isuzu","Japanese","Crimson","Comedy|Romance"
"445","Weekly","Katholische Stiftungsfachhochschule München","Mitsubishi","Māori","Green","Comedy"
"446","Daily","Ecole Nationale d'Ingénieurs des Travaux Agricoles de Clermont-Ferrand","Audi","null","Pink","Drama|Horror|Sci-Fi"
"447","Yearly","Ecole Nationale Supérieure d'Electronique et de Radioelectricite de Grenoble","Audi","null","Crimson","Comedy|Drama|Romance"
"448","Daily","null","Lincoln","null","Aquamarine","Animation"
"449","Often","null","GMC","null","Turquoise","Action|Drama|Horror|Thriller"
"450","Weekly","null","Nissan","Georgian","Teal","Documentary"
"451","Never","null","Plymouth","Pashto","Yellow","Drama"
"452","Once","Mahatma Gandhi Chitrakut Gramoday University","Mercedes-Benz","null","Teal","Comedy"
"453","Never","null","Toyota","Montenegrin","Crimson","Drama"
"454","Never","null","BMW","Māori","Maroon","Comedy|Crime|Musical"
"455","Daily","null","Dodge","Dutch","Violet","Documentary"
"456","Monthly","John Carroll University","Mazda","null","Red","Drama"
"457","Yearly","null","Volkswagen","Italian","Green","Children|Comedy|Drama"
"458","Often","Engineering Faculty of Asian University","Mercedes-Benz","null","Yellow","Action|Comedy|Romance|Western"
"459","Yearly","London School of Hygiene & Tropical Medicine, University of London","Oldsmobile","null","Orange","Action|Fantasy|Thriller|IMAX"
"460","Once","Northern State Medical University","Hyundai","null","Aquamarine","Comedy|Drama|Romance"
"461","Yearly","University of Houston, Downtown","Chevrolet","null","Yellow","Drama"
"462","Weekly","Ajou University","Geo","null","Aquamarine","Documentary"
"463","Never","null","Mazda","English","Purple","Adventure"
"464","Daily","null","GMC","Arabic","Violet","(no genres listed)"
"465","Seldom","null","Mitsubishi","null","Purple","Drama"
"466","Often","Bard College","Buick","null","Indigo","Comedy|Drama|Romance"
"467","Once","null","Toyota","null","Fuscia","Comedy|Romance"
"468","Seldom","null","Chrysler","null","Red","Crime|Mystery"
"469","Monthly","null","Peugeot","null","Blue","Crime|Thriller"
"470","Monthly","null","Dodge","Georgian","Puce","Action|Adventure|Drama|Thriller"
"471","Often","Universidad España de Durango","Toyota","null","Puce","Horror|Thriller"
"472","Never","null","Plymouth","null","Blue","Action"
"473","Yearly","National Technical University (Kharkiv Polytechnical Institute)","Saab","null","Pink","Adventure|Children|Comedy"
"474","Seldom","null","Ford","null","Purple","Comedy|Drama"
"475","Never","null","Audi","null","Goldenrod","Drama"
"476","Monthly","null","Pontiac","null","Teal","Documentary|IMAX"
"477","Weekly","American International University - Bangladesh","Pontiac","Zulu","Indigo","Adventure"
"478","Monthly","Hope Africa University","Ford","null","Mauv","Comedy|Drama|Romance"
"479","Seldom","Fachhochschule Jena","Porsche","null","Mauv","Drama"
"480","Never","null","MINI","null","Yellow","Comedy"
"481","Yearly","null","BMW","null","Turquoise","Drama|Romance"
"482","Daily","Gomel State Medical University","Saab","Croatian","Khaki","Adventure|Animation|Drama|Fantasy|Sci-Fi"
"483","Weekly","Abant Izzet Baysal University","Chevrolet","null","Pink","Action|Adventure|Fantasy"
"484","Once","null","Nissan","Dari","Pink","Drama"
"485","Daily","null","Chevrolet","null","Khaki","Adventure|Animation|Children|Comedy"
"486","Often","null","Mazda","null","Pink","Adventure|Animation|Children|Comedy"
"487","Never","University of New Hampshire - Manchester","Infiniti","null","Red","Crime|Drama|Romance|Thriller"
"488","Never","International Higher School for Advanced Studies Trieste","Mitsubishi","Tetum","Yellow","Drama"
"489","Monthly","null","Ford","null","Green","Drama"
"490","Seldom","Louisiana State University in Shreveport","Nissan","null","Turquoise","Comedy|Drama"
"491","Weekly","Shihezi University ","Volvo","null","Violet","Drama"
"492","Never","DeVry Institute of Technology","Lexus","Oriya","Yellow","Documentary"
"493","Never","Institute of Business Administration (IBA)","Mazda","Polish","Orange","Drama"
"494","Often","null","Hyundai","null","Teal","Drama|Horror|Thriller"
"495","Often","null","Scion","Norwegian","Blue","Horror|Mystery|Sci-Fi"
"496","Monthly","Universidad Autónoma Metropolitana - Azcapotzalco","Chevrolet","null","Fuscia","Drama"
"497","Once","null","Pontiac","German","Blue","Drama"
"498","Monthly","null","Infiniti","Aymara","Red","Adventure|Animation|Children|Comedy|Drama|Fantasy|Musical|Romance"
"499","Once","University of Wales, Bangor","Mercedes-Benz","null","Orange","Drama"
"500","Never","null","Dodge","null","Mauv","Comedy|Musical|Romance"
"501","Daily","null","Ford","Dari","Blue","Drama"
"502","Daily","null","Subaru","null","Crimson","Drama|Fantasy|Thriller|War"
"503","Seldom","null","Ford","null","Red","Drama|Fantasy|Thriller"
"504","Daily","null","Maybach","null","Puce","Western"
"505","Monthly","Laurentian University of Sudbury","Lexus","null","Red","Comedy|Musical"
"506","Weekly","null","Ford","Filipino","Orange","Action|Animation"
"507","Often","null","Volvo","null","Pink","Documentary|War"
"508","Once","null","Porsche","null","Aquamarine","Documentary"
"509","Monthly","null","Buick","Icelandic","Orange","Drama"
"510","Daily","null","Eagle","Belarusian","Crimson","Comedy|Documentary|Drama"
"511","Yearly","null","Mercury","Persian","Teal","(no genres listed)"
"512","Monthly","null","Dodge","Malay","Fuscia","Horror"
"513","Yearly","null","Volkswagen","Latvian","Orange","Romance"
"514","Weekly","Kyrgyz National University","Ford","null","Violet","Drama"
"515","Seldom","University of Wisconsin - Madison","Pontiac","null","Orange","Drama|Romance"
"516","Seldom","National Mining University","Kia","null","Fuscia","Drama|Thriller"
"517","Monthly","Deakin University","Nissan","null","Turquoise","Documentary"
"518","Yearly","Polytechnic University of Tirane","Chevrolet","null","Turquoise","Children|Sci-Fi"
"519","Never","null","Plymouth","null","Fuscia","Drama"
"520","Daily","null","BMW","Malayalam","Red","Comedy"
"521","Weekly","Instituto Politecnico do Porto","Audi","Aymara","Violet","Adventure|Drama"
"522","Never","null","Toyota","null","Crimson","Action|Drama|Thriller|War"
"523","Monthly","Georgia State University","Jeep","null","Green","Comedy|Musical|Romance"
"524","Once","null","Chrysler","null","Crimson","Documentary"
"525","Monthly","null","Chrysler","Chinese","Yellow","Adventure|Drama|Mystery|Thriller"
"526","Never","null","Honda","Maltese","Maroon","Documentary"
"527","Weekly","null","Chrysler","Swedish","Pink","Comedy|Drama"
"528","Daily","Ubonratchathani University","Hyundai","null","Turquoise","Crime"
"529","Daily","Bauhaus Universität Weimar","Mitsubishi","Hiri Motu","Fuscia","Comedy|Drama"
"530","Monthly","Private Universität Witten/Herdecke","Chevrolet","null","Maroon","Comedy"
"531","Seldom","University of Lethbridge","Ford","null","Fuscia","Action|Thriller"
"532","Once","Burlington College","Chrysler","Māori","Red","Documentary"
"533","Often","Université Pierre Mendes-France (Grenoble II)","Infiniti","null","Crimson","Drama|Thriller"
"534","Yearly","null","Volkswagen","null","Purple","Drama"
"535","Often","Institute of Teachers Education, Rajang","Acura","Dzongkha","Purple","Drama"
"536","Often","null","Pontiac","null","Fuscia","Crime|Drama|Thriller"
"537","Often","null","Volvo","Malayalam","Red","Comedy"
"538","Yearly","null","Lincoln","Azeri","Blue","Comedy"
"539","Often","Technological University (Kyaing Tong)","Kia","null","Turquoise","Comedy"
"540","Once","Universitas Kristen Indonesia Tomohon","Volvo","null","Aquamarine","Comedy|Crime"
"541","Once","null","Aston Martin","Lao","Turquoise","Drama|Romance"
"542","Monthly","Universidad del Bajío","Jaguar","null","Crimson","Comedy|Drama|Musical|Romance"
"543","Often","null","Honda","null","Violet","Adventure|Fantasy"
"544","Monthly","null","Toyota","Amharic","Fuscia","Documentary"
"545","Weekly","Fachhochschule Niederrhein","Honda","Quechua","Aquamarine","Comedy|Crime|Drama|Romance"
"546","Often","Fachhochschule JOANNEUM","Nissan","null","Goldenrod","Comedy"
"547","Weekly","Nara University of Education","Saturn","Kashmiri","Fuscia","Action|Sci-Fi"
"548","Yearly","null","Mitsubishi","Kannada","Maroon","Horror|Thriller"
"549","Often","null","Toyota","null","Violet","Animation|Comedy"
"550","Yearly","Open University of Hong Kong","Lincoln","Northern Sotho","Yellow","Horror|Sci-Fi"
"551","Weekly","null","Chevrolet","null","Indigo","Comedy|Drama|Romance"
"552","Seldom","Ecole Nationale Supérieure des Mines de Paris","Volkswagen","Kyrgyz","Puce","Action|Adventure|Sci-Fi"
"553","Once","null","Honda","null","Green","Documentary"
"554","Never","Tianjin University of Finance & Economics","Mercury","null","Blue","Drama"
"555","Weekly","null","Chevrolet","null","Orange","Romance"
"556","Weekly","Tyumen State University of Gas and Oil","Infiniti","Marathi","Crimson","Drama"
"557","Monthly","null","Mazda","null","Teal","Action|Adventure|Western"
"558","Never","University of Al-Qadisiyah","Mazda","null","Teal","Horror|Mystery|Sci-Fi"
"559","Seldom","null","GMC","Swedish","Blue","Drama|Romance"
"560","Never","University of Crete","Lexus","Italian","Mauv","Drama|Thriller|War"
"561","Monthly","null","Chevrolet","null","Orange","Comedy|Drama"
"562","Never","null","Oldsmobile","null","Orange","Drama"
"563","Once","null","Toyota","Spanish","Red","Crime|Drama"
"564","Seldom","null","Ford","null","Blue","Horror"
"565","Once","University of Chester","Ford","null","Red","Drama|Horror"
"566","Weekly","null","Plymouth","null","Purple","Action|Crime|Mystery"
"567","Often","null","Chevrolet","null","Violet","Action|Comedy|Crime"
"568","Often","Franklin College Switzerland","Bentley","Tswana","Orange","Comedy"
"569","Weekly","Universität für künstlerische und industrielle Gestaltung Linz","Volkswagen","null","Maroon","Comedy|Drama"
"570","Monthly","Universidad Autónoma de Chapingo","Nissan","null","Mauv","Crime|Drama|Mystery"
"571","Once","St. Petersburg State University of Aerospace Instrumentation","Dodge","null","Blue","Drama"
"572","Yearly","Houghton College","Dodge","Hungarian","Mauv","Comedy"
"573","Weekly","Fachhochschule Braunschweig/Wolfenbüttel","Saab","Bosnian","Purple","Action|Drama|Thriller|War"
"574","Once","State University of New York College of Technology at Alfred","Land Rover","null","Goldenrod","Crime|Drama|Mystery|Romance|Thriller"
"575","Yearly","Cavendish University","Suzuki","null","Blue","Comedy|Drama"
"576","Never","Bauhaus Universität Weimar","Acura","Oriya","Red","Drama|Romance"
"577","Once","University of Wisconsin - Green Bay","Porsche","Tajik","Green","Horror|Mystery"
"578","Often","Pädagogische Hochschule Freiburg","Kia","null","Violet","Action|Adventure|Comedy|Romance"
"579","Yearly","null","Pontiac","null","Goldenrod","Drama"
"580","Often","null","Kia","null","Puce","Drama|Romance"
"581","Weekly","Universidad Católica de Colombia","Chevrolet","Tetum","Fuscia","Drama"
"582","Once","null","Volkswagen","null","Orange","Drama"
"583","Often","Sichuan Agricultural University","Ford","null","Teal","Documentary"
"584","Never","University College of the Fraser Valley","Porsche","null","Mauv","Documentary"
"585","Often","University of Toledo","Subaru","Dutch","Purple","Action|Western"
"586","Weekly","null","Toyota","null","Yellow","Documentary"
"587","Monthly","null","Ford","null","Aquamarine","Mystery|Romance|Thriller"
"588","Weekly","Anhui Normal University","Dodge","null","Pink","Crime|Drama"
"589","Monthly","null","Chrysler","Northern Sotho","Yellow","Drama|Romance"
"590","Monthly","New Bulgarian University","Honda","Hebrew","Goldenrod","Drama"
"591","Monthly","Agricultural University of Szczecin","BMW","Māori","Green","Drama"
"592","Yearly","St. Thomas Aquinas College","Dodge","null","Crimson","Drama"
"593","Daily","null","Pontiac","null","Pink","Drama"
"594","Weekly","null","Isuzu","null","Khaki","Comedy|Drama|Romance"
"595","Daily","null","Lincoln","null","Turquoise","Comedy|Romance"
"596","Weekly","null","GMC","Guaraní","Yellow","Comedy|Crime|Drama"
"597","Never","Hanseo University","Mitsubishi","null","Pink","Drama|Thriller"
"598","Yearly","Stavropol State University","Nissan","null","Teal","Adventure|Children|Comedy|Fantasy"
"599","Weekly","Gandhi Institute of Technology and Managment","BMW","null","Fuscia","Drama"
"600","Yearly","null","Pontiac","Tajik","Crimson","Musical|Romance"
"601","Never","ITT Technical Institute Fort Wayne","Ford","null","Green","Horror"
"602","Yearly","Shokei College","Hyundai","null","Goldenrod","Drama|Romance"
"603","Often","null","Ford","null","Maroon","Adventure|Comedy|Romance"
"604","Yearly","University of Central Lancashire","Oldsmobile","null","Fuscia","Comedy|Horror"
"605","Never","null","Jaguar","null","Maroon","Documentary"
"606","Once","null","GMC","null","Mauv","Comedy"
"607","Yearly","Nova Scotia College of Art and Design","Saturn","null","Green","Adventure|Fantasy|IMAX"
"608","Once","null","Toyota","Hungarian","Goldenrod","Crime|Drama"
"609","Weekly","null","Subaru","null","Red","Adventure|Animation|Fantasy"
"610","Yearly","null","Pontiac","Hiri Motu","Fuscia","Drama"
"611","Never","null","Jeep","null","Mauv","Thriller"
"612","Monthly","null","Volkswagen","null","Purple","Drama"
"613","Monthly","Swedish University of Agricultural Sciences","Nissan","Italian","Teal","Documentary|Musical"
"614","Monthly","University of Texas Health Center at Tyler","Mazda","null","Indigo","Drama|Romance"
"615","Daily","null","Chevrolet","Burmese","Mauv","Adventure|Animation"
"616","Often","null","Buick","null","Mauv","Drama"
"617","Never","null","Chevrolet","null","Yellow","Documentary"
"618","Weekly","Beijing New Asia University","Mitsubishi","Tsonga","Violet","Fantasy|Horror"
"619","Seldom","null","GMC","Tetum","Yellow","Adventure|Animation|Children"
"620","Often","null","Isuzu","Haitian Creole","Khaki","Musical|Romance|War"
"621","Yearly","null","Hyundai","null","Khaki","Comedy|Drama|Romance"
"622","Yearly","Otto-von-Guericke Universität Magdeburg","Honda","null","Red","Crime|Drama"
"623","Never","Yuan Ze University","Mazda","null","Blue","Drama"
"624","Monthly","null","Ford","null","Aquamarine","Children|Comedy|Drama"
"625","Monthly","Christian Heritage College","Suzuki","null","Purple","Comedy"
"626","Weekly","Damghan University of Basic Sciences","Volkswagen","null","Crimson","Action"
"627","Daily","Eastern Michigan University","Dodge","Polish","Mauv","Horror|Mystery|Sci-Fi|Thriller"
"628","Weekly","null","Nissan","null","Indigo","Drama|Thriller"
"629","Monthly","null","Toyota","null","Pink","Comedy|Drama"
"630","Yearly","Al-Baath University","BMW","null","Crimson","Drama"
"631","Monthly","Universidad Autónoma de Nayarit","Lexus","null","Aquamarine","Animation|Comedy|Romance"
"632","Seldom","null","Eagle","null","Yellow","Comedy|Drama"
"633","Seldom","null","Toyota","null","Goldenrod","Romance|Thriller"
"634","Once","Toho College of Music","Chrysler","null","Turquoise","Adventure|Romance"
"635","Yearly","null","Mitsubishi","null","Pink","Thriller"
"636","Often","null","Oldsmobile","Indonesian","Khaki","Action|Crime|Drama|Thriller"
"637","Never","Hyupsung University","Audi","null","Crimson","Children|Drama|War"
"638","Never","null","Acura","null","Crimson","Comedy|Western"
"639","Once","Bluefield College","Eagle","null","Indigo","Action|Drama|War"
"640","Once","null","Ford","Papiamento","Teal","Adventure|War"
"641","Daily","Mount St. Clare College","GMC","null","Red","Action|Adventure|Drama|Thriller|Western"
"642","Often","Norwegian Teacher Academy for Studies in Religion and Education","BMW","Azeri","Green","Comedy"
"643","Daily","Yakutsk State University","Mazda","null","Indigo","Drama"
"644","Never","Northwest University","Volvo","Tamil","Orange","Crime|Drama"
"645","Monthly","null","Acura","null","Aquamarine","Animation|Children|Comedy|Musical"
"646","Never","Moscow State Institute of International Relations MFA Russia (MGIMO-University)","Ford","null","Blue","Drama|Romance"
"647","Monthly","Technological Education Institute of Halkida, Euboea","Subaru","null","Green","Drama"
"648","Seldom","null","Dodge","null","Blue","Drama"
"649","Daily","null","Infiniti","Greek","Indigo","Action|Western"
"650","Often","Kermanshah University of Technology","Saab","null","Pink","Comedy|Horror|Thriller"
"651","Often","null","Geo","Gujarati","Turquoise","Drama"
"652","Once","Divine Word College of Legazpi","Dodge","null","Pink","Drama"
"653","Monthly","null","Hyundai","null","Purple","Horror|Sci-Fi"
"654","Monthly","College for Financial Planning","Pontiac","null","Green","Action|Adventure|Animation|Children|Comedy|Sci-Fi"
"655","Daily","null","Ford","null","Blue","Drama"
"656","Never","null","Porsche","Malagasy","Turquoise","Comedy|Horror|Thriller"
"657","Often","null","Chevrolet","Tetum","Indigo","Documentary"
"658","Monthly","Universidad Finis Terrae","Ford","null","Khaki","Adventure|Animation|Children|Comedy|IMAX"
"659","Daily","null","Ford","French","Aquamarine","Comedy|Drama"
"660","Often","null","Acura","null","Crimson","Adventure|Drama|Romance|Western"
"661","Once","Universitas Ibn Chaldun Jakarta","Volvo","null","Orange","Comedy"
"662","Yearly","Zhongnan University of Technology","Maserati","Hiri Motu","Puce","Comedy|Crime"
"663","Yearly","Buckinghamshire New University","GMC","null","Khaki","Action|Adventure|Drama|Fantasy"
"664","Often","Université Shalom de Bunia","Toyota","Tok Pisin","Green","Romance"
"665","Daily","Universidade de Nova Iguaçu","Honda","null","Indigo","Drama"
"666","Once","University of the West of England, Bristol","Honda","null","Goldenrod","Comedy|Drama"
"667","Once","International University","Pontiac","null","Khaki","Comedy|Crime"
"668","Never","null","Subaru","null","Pink","Comedy|Musical"
"669","Often","Universidade de Franca","Infiniti","null","Turquoise","Documentary"
"670","Once","null","Volkswagen","null","Violet","Crime|Drama|Mystery|Thriller"
"671","Daily","National Pingtung Teachers College","Audi","null","Mauv","Comedy|Musical"
"672","Seldom","Shimane University, Faculty of Medicine","Smart","null","Purple","Drama|Thriller"
"673","Monthly","null","Audi","null","Purple","Horror"
"674","Once","Universidad de Buenos Aires","Jeep","Danish","Mauv","Musical|Romance"
"675","Often","null","Mazda","null","Green","Comedy"
"676","Yearly","null","Chevrolet","null","Fuscia","Horror|Mystery|Thriller"
"677","Often","null","Mazda","null","Turquoise","Thriller"
"678","Weekly","null","BMW","null","Goldenrod","Drama|Horror|Thriller"
"679","Often","null","Mitsubishi","null","Orange","Drama"
"680","Yearly","Akrofi-Christaller Institute of Theeology, Mission and  Culture","Cadillac","null","Blue","Thriller"
"681","Once","University of St. Thomas, St. Paul","Maybach","null","Orange","Comedy|Sci-Fi"
"682","Seldom","Second University of Naples","Isuzu","Tsonga","Purple","Drama"
"683","Seldom","null","Suzuki","Malayalam","Blue","Comedy"
"684","Once","Universidad Valle del Grijalva","Ford","null","Orange","Horror|Thriller"
"685","Often","null","Lexus","Lithuanian","Orange","Comedy"
"686","Monthly","null","BMW","null","Violet","Horror"
"687","Weekly","Kermanshah University of Technology","Cadillac","null","Teal","Children|Comedy"
"688","Once","Gift University","Mercury","null","Yellow","Drama"
"689","Daily","null","Honda","null","Puce","Action|Horror"
"690","Daily","Petru Maior University of Targu Mures","Toyota","null","Crimson","Adventure|Animation|Children"
"691","Weekly","Clark University","Nissan","null","Teal","Drama|Musical|Romance"
"692","Never","null","Pontiac","Gujarati","Red","Comedy|Horror|Mystery"
"693","Monthly","null","Nissan","null","Maroon","Drama|Fantasy|Romance"
"694","Never","Keene State College","Lincoln","null","Purple","Documentary"
"695","Daily","Marycrest International University","Suzuki","Swati","Crimson","Western"
"696","Daily","null","Mercury","null","Aquamarine","Comedy|Romance"
"697","Never","Khon Kaen University","Ford","null","Blue","Drama"
"698","Never","Universidad Tecnológica de Honduras","Lincoln","null","Green","Drama|Horror"
"699","Yearly","null","Toyota","null","Crimson","Comedy|War"
"700","Never","University of Livingstonia","Mercedes-Benz","Croatian","Green","Adventure|Children|Drama|Romance"
"701","Never","University of Sharjah","GMC","Belarusian","Goldenrod","Action|Drama"
"702","Seldom","University of Agriculture and Veterinary Medicine Iasi","Toyota","Japanese","Teal","Romance"
"703","Never","null","Nissan","null","Maroon","Animation|Fantasy"
"704","Once","Ecole Normale Supérieure de Fontenay-Saint Cloud","Hyundai","null","Maroon","Mystery|Romance|Thriller"
"705","Seldom","Universidad de Puerto Rico, Bayamon","Porsche","null","Crimson","Drama"
"706","Never","Fachhochschule Kufstein (Tirol)","Suzuki","null","Purple","Comedy|Drama|Romance"
"707","Yearly","null","Infiniti","null","Puce","Drama"
"708","Often","St. Petersburg State Polytechnical University","Mitsubishi","null","Purple","Documentary|Drama"
"709","Seldom","University of New Hampshire","Honda","null","Blue","Animation|Children"
"710","Weekly","Polish Open University in Warsaw (WSZ/POU)","Lotus","French","Purple","Horror"
"711","Never","null","Chevrolet","Tetum","Puce","Drama"
"712","Monthly","Szent István University","Honda","null","Yellow","Crime|Drama|Thriller"
"713","Monthly","Anglo-American University","Mazda","null","Fuscia","Crime|Film-Noir|Thriller"
"714","Once","Sanjay Gandhi Postgraduate lnstitute of Medical Sciences","Ford","Spanish","Red","Drama"
"715","Once","null","Volkswagen","null","Puce","Drama"
"716","Daily","Hashemite University","Volvo","null","Puce","Drama|Thriller|War"
"717","Never","University of North Carolina at Chapel Hill","Mercury","Azeri","Mauv","Romance|Western"
"718","Yearly","Mekelle Institute of Technology","Chrysler","null","Turquoise","Drama"
"719","Seldom","null","Mitsubishi","null","Violet","Comedy"
"720","Seldom","null","Lamborghini","null","Purple","Comedy|Drama"
"721","Once","Shanghai Customs College","Ford","null","Violet","Drama|Romance"
"722","Once","null","Toyota","null","Turquoise","Comedy|Musical"
"723","Yearly","null","Chevrolet","null","Khaki","Horror"
"724","Seldom","Tilburg University","Audi","null","Orange","Comedy|War"
"725","Once","null","Honda","null","Red","Action|Comedy"
"726","Never","null","Chevrolet","null","Purple","Drama|Horror|Sci-Fi"
"727","Once","null","Mercedes-Benz","null","Green","Comedy"
"728","Seldom","null","GMC","Irish Gaelic","Puce","Drama|Romance|Thriller"
"729","Weekly","null","Pontiac","null","Turquoise","Crime|Mystery|Thriller"
"730","Never","University of Pittsburgh at Johnstown","Ford","Indonesian","Orange","Action|Drama|Mystery|Romance|Sci-Fi"
"731","Often","null","Toyota","null","Aquamarine","Drama|Fantasy|Romance|Sci-Fi"
"732","Never","null","Buick","null","Fuscia","Drama"
"733","Yearly","Technische Fachhochschule Berlin","Mitsubishi","null","Fuscia","Adventure|Drama"
"734","Daily","null","Mazda","null","Purple","Horror|Thriller"
"735","Once","Hohai University Changzhou","Mercedes-Benz","Gujarati","Teal","Drama|Western"
"736","Yearly","The Curtis Institute of Music","Mazda","null","Blue","Comedy"
"737","Once","Royal Danish Academy of Fine Arts, School of Architecture","Chevrolet","null","Maroon","Drama|Thriller"
"738","Daily","null","Suzuki","null","Maroon","(no genres listed)"
"739","Monthly","DeVry Institute of Technology, Columbus","Audi","Zulu","Red","Documentary"
"740","Yearly","null","Aston Martin","null","Aquamarine","Action|Drama|Horror"
"741","Often","null","Ford","null","Teal","Adventure"
"742","Monthly","Universitas Katolik Widya Karya","Suzuki","Yiddish","Red","Comedy|Drama"
"743","Once","null","Honda","null","Khaki","Drama|Romance|Sci-Fi"
"744","Weekly","Wesleyan College","Mitsubishi","null","Teal","Drama|Romance"
"745","Monthly","National Institute of Technology, Durgapur","Lexus","Tamil","Purple","Action"
"746","Weekly","Ecole pour les Etudes et la Recherche en Informatique et Electronique","GMC","Northern Sotho","Yellow","Comedy|Drama"
"747","Monthly","Islamic Azad University, Kerman","Chevrolet","null","Green","Adventure|Animation|Children|Fantasy|Musical"
"748","Daily","Zawiya Academy","Audi","null","Khaki","Drama"
"749","Monthly","null","Nissan","null","Khaki","Drama|Fantasy|Romance"
"750","Once","null","BMW","Dutch","Yellow","Comedy|Romance"
"751","Often","null","Volkswagen","null","Fuscia","Comedy|Drama|Romance"
"752","Once","null","Buick","null","Red","Comedy|Romance"
"753","Weekly","null","Dodge","Danish","Puce","Action|Adventure|Drama"
"754","Once","Tbilisi State University","Hyundai","Dzongkha","Green","Action|Drama|Romance|Western"
"755","Once","null","Mazda","null","Goldenrod","Action|Comedy|Crime"
"756","Never","International School of New Media, University of Lübeck","Hyundai","Korean","Maroon","Drama|Mystery|Thriller"
"757","Yearly","Universidade do Grande Rio","Lincoln","Bengali","Fuscia","Documentary"
"758","Weekly","Beijing Medical University","Volvo","null","Purple","Comedy|Documentary"
"759","Daily","Sohag University","Ford","Quechua","Khaki","Adventure|Comedy|Crime|Romance"
"760","Often","Wellesley College","Chevrolet","null","Crimson","Adventure|Fantasy|Mystery|Romance|IMAX"
"761","Once","null","Lamborghini","Swati","Turquoise","Comedy"
"762","Yearly","null","Cadillac","null","Fuscia","Comedy|Horror|Musical|Mystery|Romance"
"763","Weekly","Tashkent Islam University","Acura","Tok Pisin","Blue","Adventure"
"764","Yearly","European Business School","Isuzu","null","Yellow","Drama|Horror|Mystery|Thriller"
"765","Yearly","null","Jeep","null","Turquoise","Drama|Romance"
"766","Monthly","Universidad Metropolitana de Honduras","Dodge","null","Violet","Western"
"767","Often","null","Infiniti","null","Teal","Drama|Thriller"
"768","Often","University of Zenica","Audi","Montenegrin","Goldenrod","Drama|Fantasy"
"769","Often","Methodist College","Mazda","Guaraní","Puce","Comedy|Fantasy|Thriller"
"770","Seldom","null","Toyota","Catalan","Khaki","Documentary"
"771","Daily","Universidad Insurgentes Plantel León","Hyundai","null","Green","Action|Horror|Thriller"
"772","Often","null","GMC","null","Orange","Comedy"
"773","Daily","Flinders University of South Australia","Chevrolet","Romanian","Purple","Action|Romance|Western"
"774","Once","Ulaanbaatar University","Dodge","German","Fuscia","Drama"
"775","Seldom","City University of New York Medical School / Sophie Davis School of Biomedical Education","Buick","null","Blue","Documentary|War"
"776","Seldom","University of Washington","Ford","null","Indigo","Drama|Romance"
"777","Monthly","St. Petersburg State University of Information Technologies, Mechanics and Optics","Mazda","null","Yellow","Comedy|Romance"
"778","Never","null","Mitsubishi","Macedonian","Goldenrod","Comedy|Drama|Romance"
"779","Monthly","Vyatka State Pedagogical University","Volvo","Yiddish","Violet","Crime|Fantasy|Film-Noir|Thriller"
"780","Yearly","Liepaja Pedagogical Higher School","Mitsubishi","English","Goldenrod","Drama|Thriller"
"781","Seldom","Fundación Universitaria de Boyacá","Volkswagen","null","Purple","Drama"
"782","Daily","Troy University, Troy","Hyundai","null","Indigo","Documentary"
"783","Once","Fujita Health University","Chevrolet","null","Purple","Comedy"
"784","Yearly","null","Isuzu","null","Pink","Comedy|Drama"
"785","Once","Walla Walla College","Toyota","null","Mauv","Adventure|Drama"
"786","Often","null","Suzuki","null","Purple","Comedy"
"787","Daily","University of Kurdistan","Lincoln","Haitian Creole","Indigo","Comedy|Drama"
"788","Once","North University of Baia Mare","Ram","null","Fuscia","Horror|Thriller"
"789","Daily","Cheyney University of Pennsylvania","Mitsubishi","Swahili","Purple","Documentary"
"790","Never","null","Chevrolet","Gujarati","Mauv","Comedy|Drama"
"791","Daily","Jomo Kenyatta University of Agriculture and Technology","Cadillac","null","Teal","Drama|Romance"
"792","Yearly","St. Petersburg State Technological University of Plant Polymers","Isuzu","null","Red","Documentary"
"793","Weekly","null","Nissan","Tajik","Blue","Drama"
"794","Often","null","Suzuki","Estonian","Purple","Action|Comedy|Crime|Drama|Thriller"
"795","Once","Sapporo Gakuin University","Volkswagen","null","Maroon","Drama|Romance"
"796","Weekly","Nanjing Medical University","Rolls-Royce","null","Mauv","Action|Adventure|Drama|Romance"
"797","Weekly","null","Mitsubishi","Assamese","Puce","Comedy"
"798","Monthly","null","Chevrolet","null","Mauv","Drama"
"799","Yearly","null","Ford","Hiri Motu","Teal","Drama|War"
"800","Seldom","null","Mitsubishi","null","Khaki","Comedy"
"801","Often","Universidad de Playa Ancha de Ciencias de la Educacion","Maybach","null","Turquoise","Comedy"
"802","Once","null","Infiniti","null","Blue","(no genres listed)"
"803","Daily","null","GMC","null","Puce","Horror|Thriller"
"804","Often","Yokohama College of Commerce","Jeep","null","Fuscia","Documentary"
"805","Never","Tokyo Women's Medial College","Audi","null","Yellow","Comedy|Romance"
"806","Daily","null","Chrysler","null","Violet","Crime|Film-Noir|Mystery"
"807","Seldom","null","Toyota","null","Green","Action|War"
"808","Monthly","Moscow State Textile University A.N. Kosygin","Mercedes-Benz","null","Goldenrod","Crime|Drama|Thriller"
"809","Monthly","null","Chevrolet","Czech","Purple","Comedy|Drama|Romance"
"810","Daily","null","Chevrolet","Oriya","Purple","Comedy|Crime|Drama|Mystery|Romance"
"811","Seldom","null","Chevrolet","null","Crimson","Comedy|Drama"
"812","Weekly","University of Economics in Bratislava","Toyota","null","Blue","Drama"
"813","Seldom","Spiru Haret University","Mercedes-Benz","null","Aquamarine","Drama|Mystery|Sci-Fi"
"814","Never","null","Mitsubishi","Dutch","Indigo","Children|Drama"
"815","Seldom","University of Lusaka","Geo","Punjabi","Khaki","Drama|War"
"816","Weekly","Universidad Intercontinental","Isuzu","Hebrew","Mauv","Crime|Drama"
"817","Yearly","null","Honda","Icelandic","Indigo","Musical|War"
"818","Seldom","null","Mitsubishi","Malagasy","Red","Comedy"
"819","Yearly","null","Pontiac","null","Purple","Drama|Mystery|Sci-Fi"
"820","Often","Pennsylvania Institute of Technology","BMW","null","Mauv","Comedy"
"821","Daily","Malayer University","Scion","null","Mauv","Drama|Film-Noir"
"822","Weekly","Rice University","Ford","null","Red","Drama"
"823","Monthly","null","Chevrolet","null","Khaki","Crime|Horror"
"824","Daily","Ternopil State Ivan Pul'uj Technical University","GMC","null","Mauv","Adventure|Animation|Children|Comedy|Fantasy"
"825","Weekly","null","Subaru","null","Indigo","Crime|Drama"
"826","Daily","Russian State Hydrometeorological University","Mercedes-Benz","null","Puce","Drama|Romance"
"827","Once","null","Ford","null","Puce","Children|Comedy|Drama"
"828","Monthly","null","Ford","null","Orange","Animation|Children|Drama"
"829","Yearly","Misan University","Chevrolet","null","Indigo","Comedy|Fantasy"
"830","Yearly","null","Oldsmobile","null","Indigo","Drama"
"831","Yearly","Vietnam National University Hanoi","Ford","French","Red","Comedy"
"832","Monthly","Alaska Bible College","Volvo","null","Violet","Action|Adventure|Sci-Fi"
"833","Monthly","Université Gaston Berger Saint-Louis","Volvo","Burmese","Crimson","Drama"
"834","Monthly","Lorestan University","Buick","null","Aquamarine","Action|Adventure|Crime|Drama|Mystery|Thriller"
"835","Monthly","Mälardalen University","Mitsubishi","null","Aquamarine","Drama|Romance|Western"
"836","Weekly","Asa University Bangladesh","Buick","null","Red","Action|Crime|Drama|Thriller"
"837","Yearly","null","Acura","null","Crimson","Comedy"
"838","Once","null","Pontiac","null","Turquoise","Action|Thriller"
"839","Yearly","null","Audi","null","Pink","Drama|Film-Noir|Mystery"
"840","Often","null","Ford","Fijian","Turquoise","Documentary"
"841","Yearly","null","Mazda","null","Pink","Drama|War"
"842","Often","Hesser College","Ford","Swedish","Purple","Drama"
"843","Often","Parwan University","GMC","null","Aquamarine","Horror"
"844","Monthly","null","MINI","null","Pink","Drama"
"845","Daily","Kandahar University","GMC","null","Puce","Comedy|Drama"
"846","Once","null","Mitsubishi","null","Crimson","Crime|Mystery|Thriller"
"847","Monthly","null","Dodge","null","Maroon","Comedy|Drama"
"848","Daily","Emory & Henry College","GMC","Bosnian","Turquoise","Drama"
"849","Monthly","null","Pontiac","null","Yellow","Action|Adventure|Fantasy"
"850","Weekly","null","Isuzu","null","Khaki","Action|Comedy"
"851","Weekly","Corporación Universitaria de Ibagué (CORUNIVERSITARIA)","Toyota","null","Mauv","Documentary"
"852","Seldom","Universidad Pedagógica Nacional, Unidad León","GMC","Norwegian","Green","Drama|Romance"
"853","Never","Hungarian University of Physical Education","Cadillac","Polish","Purple","Drama"
"854","Daily","null","Audi","null","Puce","Comedy"
"855","Daily","Universidad de Cartago Florencio del Castillo","Lexus","null","Crimson","Documentary|IMAX"
"856","Seldom","null","Hyundai","Japanese","Puce","Action|Drama|Romance|Western"
"857","Seldom","Alabama Agricultural and Mechanical University","Nissan","null","Purple","Thriller"
"858","Weekly","null","Honda","Chinese","Yellow","Drama|Romance"
"859","Weekly","Southern California Institute of Architecture","Volkswagen","null","Teal","Drama"
"860","Never","Universidad México Internacional","Buick","null","Maroon","Romance"
"861","Daily","Universitas Trisakti","Ram","null","Maroon","Comedy"
"862","Once","null","Mercedes-Benz","Bengali","Blue","Drama|Romance"
"863","Monthly","University of Petra","Cadillac","null","Red","Comedy|Documentary|Musical"
"864","Monthly","Kilis 7 Aralık University","Mercedes-Benz","null","Fuscia","Drama|Mystery"
"865","Daily","Fushun Petroleum University","Volkswagen","null","Blue","Comedy|Drama"
"866","Seldom","null","Scion","null","Yellow","Drama|Film-Noir|Thriller"
"867","Daily","Cambridge College","BMW","null","Yellow","Documentary|Horror"
"868","Daily","Kanazawa Gakuin University","Pontiac","null","Crimson","Comedy|Drama|Romance"
"869","Weekly","Physical Education Academy in Katowice","Mazda","null","Mauv","Animation|Horror"
"870","Seldom","Ecole des Hautes Etudes Commerciales","Lexus","null","Crimson","Drama"
"871","Monthly","Beijing University of Agriculture","Chevrolet","null","Mauv","Drama|Romance"
"872","Never","Georgia Baptist College of Nursing","Mazda","Dhivehi","Teal","Drama"
"873","Never","null","Lexus","null","Purple","Crime|Drama|Romance"
"874","Once","Louisiana State University Health Sciences Center New Orleans","Dodge","Hiri Motu","Orange","Fantasy|Horror|Thriller"
"875","Seldom","COMSATS Institute of Information Technology, Attock","Chevrolet","null","Mauv","Drama"
"876","Seldom","null","Mitsubishi","null","Green","Crime|Drama"
"877","Seldom","null","Geo","null","Goldenrod","Children|Comedy"
"878","Once","null","BMW","Zulu","Indigo","Comedy"
"879","Often","Polytechnic Ibadan","Dodge","null","Maroon","Drama|Romance"
"880","Monthly","null","Ford","null","Green","Comedy|Crime"
"881","Once","Jingdezhen China Institute","Isuzu","null","Pink","Action|War"
"882","Seldom","null","Oldsmobile","Tamil","Goldenrod","Thriller|War"
"883","Daily","University of Southern Mindanao","Saturn","null","Blue","Western"
"884","Seldom","College of the Holy Spirit","Ford","null","Indigo","Comedy|Horror"
"885","Monthly","null","Honda","null","Puce","Comedy|Drama|Romance"
"886","Seldom","null","Dodge","null","Green","Action|Sci-Fi"
"887","Yearly","Stevens Institute of Technology","Volkswagen","null","Goldenrod","Adventure"
"888","Often","Indian Institute of Technology, Bombay","Buick","null","Aquamarine","Drama"
"889","Weekly","null","Ford","null","Goldenrod","Drama|War"
"890","Weekly","Cranbrook Academy of Art","Audi","Japanese","Violet","(no genres listed)"
"891","Once","null","Toyota","null","Blue","Comedy|Drama"
"892","Daily","null","Hummer","null","Violet","Comedy|Western"
"893","Monthly","null","Cadillac","null","Goldenrod","Fantasy|Horror"
"894","Weekly","Yamanashi Medical University","Dodge","null","Fuscia","Drama|Romance"
"895","Monthly","University of Montana","Ford","null","Yellow","Drama"
"896","Daily","null","Ford","Estonian","Purple","Horror"
"897","Often","Shaikh Zayed University","Subaru","null","Green","Animation|Children"
"898","Never","Masdar University Of Science And Technology","Honda","null","Crimson","Drama"
"899","Never","Xi'an Highway University","Chrysler","Arabic","Indigo","Comedy|Drama"
"900","Seldom","Universidad Tecnológica de Pereira","Mitsubishi","Portuguese","Blue","Comedy|Drama|Horror"
"901","Weekly","International University of Business Agriculture and Technology","Buick","Bislama","Khaki","Animation|Mystery|Sci-Fi"
"902","Weekly","Faculdade Jaguariúna","Chrysler","null","Red","Comedy"
"903","Never","null","Pontiac","null","Aquamarine","Drama|Horror|Thriller"
"904","Once","Tashkent Automobile and Roads Institute","Lamborghini","null","Aquamarine","Documentary"
"905","Never","Missouri Valley College","Nissan","null","Fuscia","Action|Thriller"
"906","Weekly","null","Mercury","Malagasy","Khaki","Drama"
"907","Daily","null","Acura","null","Yellow","Romance|Western"
"908","Weekly","null","Toyota","null","Pink","Comedy"
"909","Daily","null","Ford","null","Indigo","Adventure|Musical|Romance"
"910","Often","null","Honda","null","Puce","Horror"
"911","Seldom","null","Pontiac","null","Blue","Adventure|Comedy|Crime|Drama"
"912","Yearly","Union College","Mazda","null","Goldenrod","Horror|Romance"
"913","Daily","Madawalabu University","Hyundai","null","Yellow","Drama|War"
"914","Once","null","Suzuki","null","Khaki","Drama"
"915","Yearly","National Taiwan College of Arts","Mitsubishi","null","Puce","Adventure|Drama|Sci-Fi"
"916","Once","null","Dodge","null","Teal","Comedy|Western"
"917","Once","Pwani University","Mercury","null","Puce","Drama"
"918","Once","American University of Afghanistan","Honda","Swati","Aquamarine","Adventure|Fantasy"
"919","Monthly","null","Ford","null","Khaki","Crime|Drama|Mystery|Thriller"
"920","Yearly","null","Chevrolet","null","Fuscia","Drama|Romance"
"921","Seldom","null","Hyundai","Estonian","Mauv","Comedy|Drama|Horror|Romance|Thriller"
"922","Yearly","Preston University, Pakistan Campus","Mercedes-Benz","null","Mauv","Comedy"
"923","Seldom","null","Volkswagen","null","Puce","Drama|Musical|Romance"
"924","Monthly","null","Isuzu","null","Maroon","Documentary"
"925","Often","Wudanshan Taoist College ","Lincoln","Pashto","Khaki","Drama"
"926","Yearly","null","Mercedes-Benz","null","Violet","Drama"
"927","Weekly","Centre d'Etudes Supérieures Industrielles Paris","Dodge","null","Yellow","Drama"
"928","Daily","Water Resources University","Chevrolet","Latvian","Mauv","Adventure|Drama|Romance"
"929","Often","null","Oldsmobile","Malay","Crimson","Drama"
"930","Once","null","Honda","null","Red","Comedy|Drama|Romance"
"931","Monthly","null","Ford","Hiri Motu","Goldenrod","Documentary"
"932","Often","null","BMW","null","Puce","Drama"
"933","Yearly","null","Mercedes-Benz","null","Mauv","Comedy|Crime"
"934","Monthly","Sultan Azlan Shah Polytechnic ","Dodge","null","Maroon","Comedy"
"935","Yearly","Haramaya University","Ford","Punjabi","Teal","Horror|Thriller"
"936","Often","null","Chevrolet","null","Yellow","Comedy|Drama|Romance"
"937","Weekly","People's University of Bangladesh","Pontiac","Swahili","Indigo","Comedy|Documentary"
"938","Seldom","null","Ford","null","Green","Comedy"
"939","Once","null","Toyota","null","Goldenrod","Action|Crime|Fantasy|Thriller"
"940","Monthly","null","Subaru","null","Blue","Comedy|Fantasy|Horror|Romance"
"941","Once","null","Mercedes-Benz","null","Violet","Horror"
"942","Once","Chamreun University of Poly Technology","Dodge","Bulgarian","Puce","Documentary"
"943","Daily","Southern Illinois University at Edwardsville","BMW","null","Puce","Drama|Romance"
"944","Daily","Universidad Tecnológica de Honduras","Chrysler","Assamese","Purple","Western"
"945","Often","Akademia Podlaska","Chevrolet","Portuguese","Orange","Drama"
"946","Never","Karunya Institute Of Technology ( Deemed University)","GMC","null","Teal","Comedy|Fantasy"
"947","Often","Scandinavian Art and Business Institute","Cadillac","Albanian","Pink","Comedy|Drama"
"948","Daily","null","Lotus","null","Teal","Drama"
"949","Weekly","Kyrgyz Russian Slavic University","Lexus","null","Goldenrod","Documentary"
"950","Weekly","Sindh Madressatul Islam University","Mazda","Telugu","Indigo","Drama|War"
"951","Yearly","Université de Nantes","Dodge","Dutch","Violet","Horror|Thriller"
"952","Daily","Hendrix College","Mitsubishi","null","Maroon","Comedy|Sci-Fi|Thriller"
"953","Seldom","null","Ford","Tok Pisin","Teal","Drama"
"954","Yearly","null","Chrysler","null","Maroon","Comedy"
"955","Monthly","null","Mercedes-Benz","Portuguese","Purple","Comedy"
"956","Daily","null","Volkswagen","null","Purple","Comedy"
"957","Weekly","null","GMC","null","Maroon","Crime|Drama|Thriller"
"958","Daily","null","Ford","null","Violet","Comedy"
"959","Monthly","null","Chevrolet","null","Maroon","Documentary"
"960","Yearly","University of Colorado at Colorado Springs","Ford","null","Mauv","Drama"
"961","Daily","Tver State Technical University","Toyota","null","Khaki","Comedy"
"962","Once","Jilin University of Technology","Ford","null","Violet","Comedy"
"963","Never","Franklin College","Maserati","Chinese","Mauv","Documentary"
"964","Once","null","Isuzu","null","Maroon","Action|Animation|Children|Fantasy|Sci-Fi"
"965","Yearly","null","Hyundai","null","Turquoise","Action"
"966","Yearly","FTMS Global Academy","Volvo","null","Pink","Animation|Documentary"
"967","Daily","Babasaheb Bhimrao Ambedkar University","Mercury","null","Aquamarine","Comedy|Documentary"
"968","Never","null","Mercedes-Benz","null","Fuscia","Action|Crime|Drama|Mystery|Thriller"
"969","Yearly","Foundation University","GMC","null","Purple","Musical"
"970","Once","Universidad Autónoma de Guerrero","Hyundai","null","Maroon","Action|Thriller"
"971","Monthly","School of Banking and Management in Cracow","Lexus","null","Indigo","Crime|Thriller"
"972","Daily","National Chi Nan University","Land Rover","null","Yellow","Action"
"973","Once","null","Chevrolet","Ndebele","Crimson","Adventure|Children|Drama"
"974","Never","Universitas Padjadjaran","Austin","null","Violet","Comedy|Drama"
"975","Often","Zagazig University","Honda","null","Puce","Documentary"
"976","Weekly","Arab Academy for Banking and Financial Sciences","Mitsubishi","Dari","Red","Comedy"
"977","Never","null","Pontiac","Ndebele","Turquoise","Drama"
"978","Seldom","Université de Corse Pascal Paoli","Volkswagen","Malayalam","Pink","Action|Crime|Thriller"
"979","Daily","University of Seychelles","Saturn","Czech","Goldenrod","Comedy|Fantasy|Romance"
"980","Never","Vyatka State Pedagogical University","Bentley","null","Purple","Documentary"
"981","Daily","Université d'Angers","Porsche","Dzongkha","Crimson","Animation|Children|Comedy|Crime"
"982","Yearly","Johnson C. Smith University","Dodge","null","Aquamarine","Drama|Romance"
"983","Weekly","null","Acura","Lao","Teal","Drama"
"984","Weekly","San Jose State University","Ford","null","Khaki","Drama"
"985","Yearly","null","MINI","null","Teal","Comedy|Drama"
"986","Seldom","Concordia University, Portland","Toyota","null","Pink","Documentary|Musical"
"987","Never","Maharishi Dayanand University, Rohtak (Haryana )","Toyota","null","Khaki","Comedy|Drama"
"988","Weekly","null","BMW","null","Teal","Drama|Romance"
"989","Never","null","Daihatsu","null","Goldenrod","Comedy"
"990","Often","LICCSAL Business College","BMW","null","Indigo","Drama|Romance"
"991","Never","Auchi Polytechnic","Suzuki","null","Blue","Action|Adventure"
"992","Daily","null","Alfa Romeo","null","Teal","Drama"
"993","Yearly","Laikipia University","Pontiac","Danish","Teal","Documentary"
"994","Daily","null","Ford","New Zealand Sign Language","Pink","Comedy|Drama"
"995","Never","College of Osteopathic Medicine of the Pacific (Western University of Health Sciences)","Mazda","null","Indigo","Action|Drama|War|IMAX"
"996","Monthly","Universitas Sarjanawiyata Tamansiswa","Infiniti","Swati","Maroon","Action|Horror|Sci-Fi"
"997","Monthly","Fujita Health University","Chevrolet","null","Violet","Documentary"
"998","Once","Kannada University","Acura","null","Green","Drama|Romance"
"999","Daily","Korea National Open University","Volkswagen","Kashmiri","Red","Drama"
"1000","Monthly","Felician College","Ford","Estonian","Violet","Sci-Fi|Thriller"
